nombre,apellido,documento,correo,cargo
María Fernanda,Ruiz Gómez,910203040,camila.ruiz@pharma911.com,Analista de Control de Calidad N2
Jorge Enrique,Salazar Mora,910203041,je.salazar@pharma911.com,Técnico en Esterilización de Equipos
Lucía,Ortega Pineda,910203042,le.ortega@pharma911.com,Supervisora de Producción Estéril
Andrés Felipe,Cárdenas Ríos,910203043,af.cardenas@pharma911.com,Operador de Llenado y Sellado
Valentina,Mejía Ospina,910203044,v.mejia@pharma911.com,Microbiólogo de Planta
Ricardo,Alvarez Duarte,910203045,r.alvarez@pharma911.com,Coordinador de Logística de Almacén
Paula Andrea,Nieto Cifuentes,910203046,pa.nieto@pharma911.com,Especialista en Asuntos Regulatorios
Camilo,Restrepo Vargas,910203047,c.restrepo@pharma911.com,Técnico de Calibración de Instrumentos
Daniela,Zapata Quintero,910203048,d.zapata@pharma911.com,Analista de Documentación BPF
Felipe,Herrón Agudelo,910203049,f.herron@pharma911.com,Auditor Interno de Calidad
